ID;NOM;PRENOM;AGE
0;Zasanten;Ansremarsan;85
1;Nynes;Selrailnin;19
2;Larailemar;Ahemarhal;51
3;Zaevar;Afthusmahael;36
4;Evriariaevar;Daequeran;82
5;Mararaillian;Zaten;1
6;Yamah;Anhaldre;5
7;Daedre;Angean;19
8;Gilriadrimsan;Firdar;76
9;Yariadethemar;Fisan;26
555;longue;fff;100
100;longue;555;fff
100;fff;longue;555
100;fff;longue;555
100;fff;longue;555
100;fff;longue;555
100;fff;longue;555
100;fff;longue;555
100;fff;longue;555
100;fff;longue;555
100;fff;longue;555
100;fff;longue;555
100;fff;5
100;fff;longue;5